--
-- The Archetype is configured with "hibernate.hbm2ddl.auto" value="create-drop" in "persistence.xml".
--
-- This will cause hibernate to populate the database when the application is started by processing the files that
-- were configured in the hibernate.hbm2ddl.import_files property.
--
-- This file is responsible for loading the the catalog data used in the Archetype.   Implementers can change this file
-- to load their initial catalog.
--

-- BLC Admin Required Categories
INSERT INTO BLC_CATEGORY (CATEGORY_ID,DESCRIPTION,NAME,URL,DEFAULT_PARENT_CATEGORY_ID,ACTIVE_START_DATE) VALUES (1,'Root','Root',NULL,NULL,CURRENT_TIMESTAMP);
INSERT INTO BLC_CATEGORY (CATEGORY_ID,DESCRIPTION,NAME,URL,DEFAULT_PARENT_CATEGORY_ID,ACTIVE_START_DATE) VALUES (2, 'Primary Nav','Primary Nav',NULL,1,CURRENT_TIMESTAMP);

-- Custom store navigation (default template uses these for the header navigation)
INSERT INTO BLC_CATEGORY (CATEGORY_ID,DESCRIPTION,NAME,URL,DEFAULT_PARENT_CATEGORY_ID,ACTIVE_START_DATE, DISPLAY_TEMPLATE) VALUES (2001,'Home','Home','/',2,CURRENT_TIMESTAMP, 'layout/home');
INSERT INTO BLC_CATEGORY (CATEGORY_ID,DESCRIPTION,NAME,URL,DEFAULT_PARENT_CATEGORY_ID,ACTIVE_START_DATE) VALUES (2002,'Supplements','Supplements','/supplements',2,CURRENT_TIMESTAMP);
INSERT INTO BLC_CATEGORY (CATEGORY_ID,DESCRIPTION,NAME,URL,DEFAULT_PARENT_CATEGORY_ID,ACTIVE_START_DATE) VALUES (2003,'Merchandise','Merchandise','/merchandise',2,CURRENT_TIMESTAMP);
INSERT INTO BLC_CATEGORY (CATEGORY_ID,DESCRIPTION,NAME,URL,DEFAULT_PARENT_CATEGORY_ID,ACTIVE_START_DATE) VALUES (2004,'Clearance','Clearance','/clearance',2,CURRENT_TIMESTAMP);
INSERT INTO BLC_CATEGORY (CATEGORY_ID,DESCRIPTION,NAME,URL,DEFAULT_PARENT_CATEGORY_ID,ACTIVE_START_DATE) VALUES (2005,'New to Pro-Pack?','New to Pro-Pack?','/new-to-pro-pack',2,CURRENT_TIMESTAMP);

-- Builds the category hierarchy (simple in this case) - Root --> Nav --> All other categories
INSERT INTO BLC_CATEGORY_XREF (CATEGORY_XREF_ID, SUB_CATEGORY_ID, CATEGORY_ID, DISPLAY_ORDER) VALUES (1,2,1,1)
INSERT INTO BLC_CATEGORY_XREF (CATEGORY_XREF_ID, SUB_CATEGORY_ID, CATEGORY_ID, DISPLAY_ORDER) VALUES (2,2001,2,1);
INSERT INTO BLC_CATEGORY_XREF (CATEGORY_XREF_ID, SUB_CATEGORY_ID, CATEGORY_ID, DISPLAY_ORDER) VALUES (3,2002,2,2);
INSERT INTO BLC_CATEGORY_XREF (CATEGORY_XREF_ID, SUB_CATEGORY_ID, CATEGORY_ID, DISPLAY_ORDER) VALUES (4,2003,2,3);
INSERT INTO BLC_CATEGORY_XREF (CATEGORY_XREF_ID, SUB_CATEGORY_ID, CATEGORY_ID, DISPLAY_ORDER) VALUES (5,2004,2,4);
INSERT INTO BLC_CATEGORY_XREF (CATEGORY_XREF_ID, SUB_CATEGORY_ID, CATEGORY_ID, DISPLAY_ORDER) VALUES (6,2005,2,5);

-- Add in any applicable search facets for the given category
INSERT INTO BLC_FIELD (FIELD_ID, ENTITY_TYPE, PROPERTY_NAME, ABBREVIATION, SEARCHABLE, FACET_FIELD_TYPE) VALUES (1, 'PRODUCT', 'manufacturer', 'mfg', TRUE, 's');
INSERT INTO BLC_FIELD (FIELD_ID, ENTITY_TYPE, PROPERTY_NAME, ABBREVIATION, SEARCHABLE, FACET_FIELD_TYPE) VALUES (2, 'PRODUCT', 'productAttributes.proteinRating', 'proteinRating', FALSE, 'i');
INSERT INTO BLC_FIELD (FIELD_ID, ENTITY_TYPE, PROPERTY_NAME, ABBREVIATION, SEARCHABLE, FACET_FIELD_TYPE) VALUES (3, 'PRODUCT', 'defaultSku.retailPrice', 'price', FALSE, 'p');
INSERT INTO BLC_FIELD (FIELD_ID, ENTITY_TYPE, PROPERTY_NAME, ABBREVIATION, SEARCHABLE, TRANSLATABLE, FACET_FIELD_TYPE) VALUES (4, 'PRODUCT', 'defaultSku.name', 'name', TRUE, TRUE, 's');
INSERT INTO BLC_FIELD (FIELD_ID, ENTITY_TYPE, PROPERTY_NAME, ABBREVIATION, SEARCHABLE, FACET_FIELD_TYPE) VALUES (5, 'PRODUCT', 'model', 'model', TRUE, 's');
INSERT INTO BLC_FIELD (FIELD_ID, ENTITY_TYPE, PROPERTY_NAME, ABBREVIATION, SEARCHABLE, TRANSLATABLE) VALUES (6, 'PRODUCT', 'defaultSku.description', 'desc', TRUE, TRUE);
INSERT INTO BLC_FIELD (FIELD_ID, ENTITY_TYPE, PROPERTY_NAME, ABBREVIATION, SEARCHABLE, TRANSLATABLE) VALUES (7, 'PRODUCT', 'defaultSku.longDescription', 'ldesc', TRUE, TRUE);
INSERT INTO BLC_FIELD (FIELD_ID, ENTITY_TYPE, PROPERTY_NAME, ABBREVIATION, SEARCHABLE, FACET_FIELD_TYPE) VALUES (8, 'PRODUCT', 'productAttributes.color', 'color', TRUE, 's');

INSERT INTO BLC_FIELD_SEARCH_TYPES (FIELD_ID, SEARCHABLE_FIELD_TYPE) VALUES (1, 't');
-- Note that we are don't search on protein rating
-- Note that we are don't search on price
INSERT INTO BLC_FIELD_SEARCH_TYPES (FIELD_ID, SEARCHABLE_FIELD_TYPE) VALUES (4, 't');
INSERT INTO BLC_FIELD_SEARCH_TYPES (FIELD_ID, SEARCHABLE_FIELD_TYPE) VALUES (5, 't');
INSERT INTO BLC_FIELD_SEARCH_TYPES (FIELD_ID, SEARCHABLE_FIELD_TYPE) VALUES (6, 't');
INSERT INTO BLC_FIELD_SEARCH_TYPES (FIELD_ID, SEARCHABLE_FIELD_TYPE) VALUES (7, 't');

INSERT INTO BLC_SEARCH_FACET (SEARCH_FACET_ID, FIELD_ID, LABEL, SHOW_ON_SEARCH, MULTISELECT, SEARCH_DISPLAY_PRIORITY) VALUES (1, 1, 'Manufacturer', FALSE, TRUE, 0);
INSERT INTO BLC_CAT_SEARCH_FACET_XREF (CATEGORY_SEARCH_FACET_ID, CATEGORY_ID, SEARCH_FACET_ID, SEQUENCE) VALUES (1, 2002, 1, 1);

INSERT INTO BLC_SEARCH_FACET (SEARCH_FACET_ID, FIELD_ID, LABEL, SHOW_ON_SEARCH, MULTISELECT, SEARCH_DISPLAY_PRIORITY) VALUES (2, 2, 'Protein Rating', FALSE, TRUE, 0);
INSERT INTO BLC_CAT_SEARCH_FACET_XREF (CATEGORY_SEARCH_FACET_ID, CATEGORY_ID, SEARCH_FACET_ID, SEQUENCE) VALUES (2, 2002, 2, 2);

INSERT INTO BLC_SEARCH_FACET (SEARCH_FACET_ID, FIELD_ID, LABEL, SHOW_ON_SEARCH, MULTISELECT, SEARCH_DISPLAY_PRIORITY) VALUES (4, 8, 'Color', TRUE, TRUE, 0);
INSERT INTO BLC_CAT_SEARCH_FACET_XREF (CATEGORY_SEARCH_FACET_ID, CATEGORY_ID, SEARCH_FACET_ID, SEQUENCE) VALUES (4,2003, 4, 1);

INSERT INTO BLC_SEARCH_FACET (SEARCH_FACET_ID, FIELD_ID, LABEL, SHOW_ON_SEARCH, MULTISELECT, SEARCH_DISPLAY_PRIORITY) VALUES (3, 3, 'Price', TRUE, TRUE, 1);
INSERT INTO BLC_CAT_SEARCH_FACET_XREF (CATEGORY_SEARCH_FACET_ID, CATEGORY_ID, SEARCH_FACET_ID, SEQUENCE) VALUES (3, 1, 3, 3);
INSERT INTO BLC_SEARCH_FACET_RANGE (SEARCH_FACET_RANGE_ID, SEARCH_FACET_ID, MIN_VALUE, MAX_VALUE) VALUES (1, 3, 0, 5);
INSERT INTO BLC_SEARCH_FACET_RANGE (SEARCH_FACET_RANGE_ID, SEARCH_FACET_ID, MIN_VALUE, MAX_VALUE) VALUES (2, 3, 5, 10);
INSERT INTO BLC_SEARCH_FACET_RANGE (SEARCH_FACET_RANGE_ID, SEARCH_FACET_ID, MIN_VALUE, MAX_VALUE) VALUES (3, 3, 10, 15);
INSERT INTO BLC_SEARCH_FACET_RANGE (SEARCH_FACET_RANGE_ID, SEARCH_FACET_ID, MIN_VALUE, MAX_VALUE) VALUES (4, 3, 15, null);

------------------------------------------------------------------------------------------------------------------
-- Inserting products manually involves five steps which are outlined below.   Typically, products are loaded 
-- up front in the project and then managed via the Broadleaf Commerce admin.   
--
-- Loading through this script is a convenient way to get started when prototyping and can be useful in development
-- as a way to share data-setup without requiring a shared DB connection. 
------------------------------------------------------------------------------------------------------------------

------------------------------------------------------------------------------------------------------------------
-- Load Catalog - Step 1:  Create the products
-- =============================================
-- In this step, we are also populating the manufacturer for the product
------------------------------------------------------------------------------------------------------------------
INSERT INTO BLC_PRODUCT (PRODUCT_ID,  DEFAULT_CATEGORY_ID, URL, MANUFACTURE, IS_FEATURED_PRODUCT) VALUES (1,2002,'/supplements/amino_lift_fruitpunch','USPLabs',TRUE);
INSERT INTO BLC_PRODUCT (PRODUCT_ID,  DEFAULT_CATEGORY_ID, URL, MANUFACTURE, IS_FEATURED_PRODUCT) VALUES (2,2002,'/supplements/c4_extreme','Celluloz',FALSE);
INSERT INTO BLC_PRODUCT (PRODUCT_ID,  DEFAULT_CATEGORY_ID, URL, MANUFACTURE, IS_FEATURED_PRODUCT) VALUES (3,2002,'/supplements/celsius_berryblast_drink','Celsius',FALSE);
INSERT INTO BLC_PRODUCT (PRODUCT_ID,  DEFAULT_CATEGORY_ID, URL, MANUFACTURE, IS_FEATURED_PRODUCT) VALUES (4,2002,'/supplements/celsius_orange_drink','Celsius',FALSE);
INSERT INTO BLC_PRODUCT (PRODUCT_ID,  DEFAULT_CATEGORY_ID, URL, MANUFACTURE, IS_FEATURED_PRODUCT) VALUES (5,2002,'/supplements/finaflex_stimul8','Finaflex',FALSE);
INSERT INTO BLC_PRODUCT (PRODUCT_ID,  DEFAULT_CATEGORY_ID, URL, MANUFACTURE, IS_FEATURED_PRODUCT) VALUES (6,2002,'/supplements/forza_pro_amino','Forzapro',FALSE);
INSERT INTO BLC_PRODUCT (PRODUCT_ID,  DEFAULT_CATEGORY_ID, URL, MANUFACTURE, IS_FEATURED_PRODUCT) VALUES (7,2002,'/supplements/neon_sport_kinetic','Neon Sport',FALSE);
INSERT INTO BLC_PRODUCT (PRODUCT_ID,  DEFAULT_CATEGORY_ID, URL, MANUFACTURE, IS_FEATURED_PRODUCT) VALUES (8,2002,'/supplements/quest_bar_cookies','Quest',FALSE);
INSERT INTO BLC_PRODUCT (PRODUCT_ID,  DEFAULT_CATEGORY_ID, URL, MANUFACTURE, IS_FEATURED_PRODUCT) VALUES (9,2002,'/supplements/strength_gainer_powder','Gainer Labs',TRUE);
INSERT INTO BLC_PRODUCT (PRODUCT_ID,  DEFAULT_CATEGORY_ID, URL, MANUFACTURE, IS_FEATURED_PRODUCT) VALUES (10,2002,'/supplements/xp2_femfire','XP2 Labs',FALSE);

-- Merchandise (products with options)
INSERT INTO BLC_PRODUCT (PRODUCT_ID,  DEFAULT_CATEGORY_ID, URL, MANUFACTURE, IS_FEATURED_PRODUCT) VALUES (100,2003,'/merchandise/propack_mens_black_green','Prop-Pack',FALSE);
INSERT INTO BLC_PRODUCT (PRODUCT_ID,  DEFAULT_CATEGORY_ID, URL, MANUFACTURE, IS_FEATURED_PRODUCT) VALUES (200,2003,'/merchandise/propack_mens_green_white','Prop-Pack',FALSE);
INSERT INTO BLC_PRODUCT (PRODUCT_ID,  DEFAULT_CATEGORY_ID, URL, MANUFACTURE, IS_FEATURED_PRODUCT) VALUES (300,2003,'/merchandise/propack_mens_white_black','Prop-Pack',FALSE);
INSERT INTO BLC_PRODUCT (PRODUCT_ID,  DEFAULT_CATEGORY_ID, URL, MANUFACTURE, IS_FEATURED_PRODUCT) VALUES (400,2003,'/merchandise/propack_mens_white_green','Prop-Pack',FALSE);

-- Bundles
INSERT INTO BLC_PRODUCT (PRODUCT_ID,ARCHIVED,CAN_SELL_WITHOUT_OPTIONS,DISPLAY_TEMPLATE,IS_FEATURED_PRODUCT,MANUFACTURE,MODEL,URL,URL_KEY,DEFAULT_CATEGORY_ID) VALUES (992,'N',false,null,false,null,null,'/bundle1',null,null);
INSERT INTO BLC_PRODUCT_BUNDLE (AUTO_BUNDLE,BUNDLE_PROMOTABLE,ITEMS_PROMOTABLE,PRICING_MODEL,BUNDLE_PRIORITY,PRODUCT_ID) VALUES (false,false,false,'ITEM_SUM',99,992);
INSERT INTO BLC_PRODUCT (PRODUCT_ID,ARCHIVED,CAN_SELL_WITHOUT_OPTIONS,DISPLAY_TEMPLATE,IS_FEATURED_PRODUCT,MANUFACTURE,MODEL,URL,URL_KEY,DEFAULT_CATEGORY_ID) VALUES (993,'N',false,null,false,null,null,'/bundle2',null,null);
INSERT INTO BLC_PRODUCT_BUNDLE (AUTO_BUNDLE,BUNDLE_PROMOTABLE,ITEMS_PROMOTABLE,PRICING_MODEL,BUNDLE_PRIORITY,PRODUCT_ID) VALUES (false,false,false,'BUNDLE',99,993);



------------------------------------------------------------------------------------------------------------------
-- Load Catalog - Step 2:  Create "default" SKUs
-- =============================================
-- The Broadleaf Commerce product model is setup such that every product has a default SKU.   For many products,
-- a product only has one SKU.    SKUs hold the pricing information for the product and are the actual entity
-- that is added to the cart.    Inventory, Pricing, and Fulfillment concerns are done at the SKU level
------------------------------------------------------------------------------------------------------------------
INSERT INTO BLC_SKU (SKU_ID,DEFAULT_PRODUCT_ID,NAME,LONG_DESCRIPTION,RETAIL_PRICE,TAXABLE_FLAG,DISCOUNTABLE_FLAG,ACTIVE_START_DATE) VALUES (1,1,'AminoLIFT Amino acids','AminoLIFT amino acid supllement with caffeine from USPLabs. Aminos. Energy. Focus. With Essential Amino Acids. 1000% RDI of Key B Vitamins. Clean Energy & Focus. Non GMO, Gluten Free. Fruit Punch flavor.',10.99,'Y','Y',CURRENT_TIMESTAMP);
INSERT INTO BLC_SKU (SKU_ID,DEFAULT_PRODUCT_ID,NAME,LONG_DESCRIPTION,RETAIL_PRICE,TAXABLE_FLAG,DISCOUNTABLE_FLAG,ACTIVE_START_DATE) VALUES (2,2,'C4 Extreme','C4 Extreme dietary supplement from Celluloz Labs. Mystery flavor. 2 Servings.',10.99,'Y','Y',CURRENT_TIMESTAMP);
INSERT INTO BLC_SKU (SKU_ID,DEFAULT_PRODUCT_ID,NAME,LONG_DESCRIPTION,RETAIL_PRICE,TAXABLE_FLAG,DISCOUNTABLE_FLAG,ACTIVE_START_DATE) VALUES (3,3,'Celsius Berry','Celsius calory burning drink mix. Berry blast flavor. Burn more calories, healthy lasting energy. Clinically proven, reduces body fat, tastes great. Just add water',4.99,'Y','Y',CURRENT_TIMESTAMP);
INSERT INTO BLC_SKU (SKU_ID,DEFAULT_PRODUCT_ID,NAME,LONG_DESCRIPTION,RETAIL_PRICE,TAXABLE_FLAG,DISCOUNTABLE_FLAG,ACTIVE_START_DATE) VALUES (4,4,'Celsius Orange','Celsius orange drink mix. Orange flavor. Burn more calories, healthy lasting energy. Clinically proven, reduces body fat, tastes great. Just add water',6.99,'Y','Y',CURRENT_TIMESTAMP);
INSERT INTO BLC_SKU (SKU_ID,DEFAULT_PRODUCT_ID,NAME,LONG_DESCRIPTION,RETAIL_PRICE,TAXABLE_FLAG,DISCOUNTABLE_FLAG,ACTIVE_START_DATE) VALUES (5,5,'Stimul8 Ripping','Finaflex Stimul8 high performance dietary supplement. Tropical storm flavor. Endurance + ripping matrix. Unparalleled energy. Extreme potency. One serving.',6.99,'Y','Y',CURRENT_TIMESTAMP);
INSERT INTO BLC_SKU (SKU_ID,DEFAULT_PRODUCT_ID,NAME,LONG_DESCRIPTION,RETAIL_PRICE,TAXABLE_FLAG,DISCOUNTABLE_FLAG,ACTIVE_START_DATE) VALUES (6,6,'Forza Pro','Forza Pro rapid and extended release protein hybrid. Increase lean muscle, 30g of protein per serving. Gluten free.',6.99,'Y','Y',CURRENT_TIMESTAMP);
INSERT INTO BLC_SKU (SKU_ID,DEFAULT_PRODUCT_ID,NAME,LONG_DESCRIPTION,RETAIL_PRICE,TAXABLE_FLAG,DISCOUNTABLE_FLAG,ACTIVE_START_DATE) VALUES (7,7,'Kinetic BCAA SAA','Kinetic BCAA - SAA form Neon SPort. Lemon berry flavor dietary supplement. 1 serving. 10g.',11.99,'Y','Y',CURRENT_TIMESTAMP);
INSERT INTO BLC_SKU (SKU_ID,DEFAULT_PRODUCT_ID,NAME,LONG_DESCRIPTION,RETAIL_PRICE,TAXABLE_FLAG,DISCOUNTABLE_FLAG,ACTIVE_START_DATE) VALUES (8,8,'Quest Bar','Quest Bar protein bar. Coookies and cream flavor. Gluten free. Only 1g sugar, high fiber. Only 3g net carbs. No sugar added! 21 g protein.',4.99,'Y','Y',CURRENT_TIMESTAMP);
INSERT INTO BLC_SKU (SKU_ID,DEFAULT_PRODUCT_ID,NAME,LONG_DESCRIPTION,RETAIL_PRICE,TAXABLE_FLAG,DISCOUNTABLE_FLAG,ACTIVE_START_DATE) VALUES (9,9,'Gainer powder','Professional Strength gainer. 54g of sustained-release protein per serving! Perfect 2:1 carbohydrate to protein ratio! Enhanced with Aminogen. Increases muscle mass. Contains whole grain carbohydrates. Mixes instantly and tastes great. Sustained-release formula',12.99,'Y','Y',CURRENT_TIMESTAMP);
INSERT INTO BLC_SKU (SKU_ID,DEFAULT_PRODUCT_ID,NAME,LONG_DESCRIPTION,RETAIL_PRICE,TAXABLE_FLAG,DISCOUNTABLE_FLAG,ACTIVE_START_DATE) VALUES (10,10,'XP2 fat burner','XP2 FEM FIRE. Intensify your energy levels, set your metabolism on fire and experience the best workout of your life. Designed to enhance fat loss, training intensity, strength, focus, energy levels, performance and endurance. Not intended for beginners. Use under strict dosing protocol!',12.99,'Y','Y',CURRENT_TIMESTAMP);

--bundle1 Skus
INSERT INTO BLC_SKU (SKU_ID,ACTIVE_END_DATE,ACTIVE_START_DATE,AVAILABLE_FLAG,DESCRIPTION,CONTAINER_SHAPE,DEPTH,DIMENSION_UNIT_OF_MEASURE,GIRTH,HEIGHT,CONTAINER_SIZE,WIDTH,DISCOUNTABLE_FLAG,FULFILLMENT_TYPE,INVENTORY_TYPE,IS_MACHINE_SORTABLE,LONG_DESCRIPTION,NAME,RETAIL_PRICE,SALE_PRICE,TAXABLE_FLAG,WEIGHT,WEIGHT_UNIT_OF_MEASURE,DEFAULT_PRODUCT_ID) VALUES (9992,{ts '2099-04-05 00:00:00'},{ts '2001-02-24 00:00:00'},null,null,null,null,null,null,null,null,null,null,null,null,true,null,'bundle1',13,3,null,null,null,992);
INSERT INTO BLC_SKU_BUNDLE_ITEM (SKU_BUNDLE_ITEM_ID,ITEM_SALE_PRICE,QUANTITY,PRODUCT_BUNDLE_ID,SKU_ID) VALUES (-100,null,1,992,1);
INSERT INTO BLC_SKU_BUNDLE_ITEM (SKU_BUNDLE_ITEM_ID,ITEM_SALE_PRICE,QUANTITY,PRODUCT_BUNDLE_ID,SKU_ID) VALUES (-101,null,1,992,2);

---bundle2 Skus
INSERT INTO BLC_SKU (SKU_ID,ACTIVE_END_DATE,ACTIVE_START_DATE,AVAILABLE_FLAG,DESCRIPTION,CONTAINER_SHAPE,DEPTH,DIMENSION_UNIT_OF_MEASURE,GIRTH,HEIGHT,CONTAINER_SIZE,WIDTH,DISCOUNTABLE_FLAG,FULFILLMENT_TYPE,INVENTORY_TYPE,IS_MACHINE_SORTABLE,LONG_DESCRIPTION,NAME,RETAIL_PRICE,SALE_PRICE,TAXABLE_FLAG,WEIGHT,WEIGHT_UNIT_OF_MEASURE,DEFAULT_PRODUCT_ID) VALUES (9993,{ts '2099-01-06 00:00:00'},{ts '2001-02-24 00:00:00'},null,null,null,null,null,null,null,null,null,null,null,null,true,null,'bundle2',12.00,2.00,null,null,null,993);
INSERT INTO BLC_SKU_BUNDLE_ITEM (SKU_BUNDLE_ITEM_ID,ITEM_SALE_PRICE,QUANTITY,PRODUCT_BUNDLE_ID,SKU_ID) VALUES (-102,null,1,993,1);
INSERT INTO BLC_SKU_BUNDLE_ITEM (SKU_BUNDLE_ITEM_ID,ITEM_SALE_PRICE,QUANTITY,PRODUCT_BUNDLE_ID,SKU_ID) VALUES (-103,null,1,993,2);

------------------------------------------------------------------------------------------------------------------
-- Some SKUs (such as merchandise) may be product options based on one product. For example, there may be a 
-- "Men's Hand drawn Shirt" product that has up to 12 SKUs showing the options of 
-- Red/Black/Silver, and Small/Medium/Large/X-Large
------------------------------------------------------------------------------------------------------------------
INSERT INTO BLC_PRODUCT_OPTION (PRODUCT_OPTION_ID, OPTION_TYPE, ATTRIBUTE_NAME, LABEL, REQUIRED) VALUES (1, 'COLOR', 'COLOR', 'Shirt Color', TRUE);
INSERT INTO BLC_PRODUCT_OPTION (PRODUCT_OPTION_ID, OPTION_TYPE, ATTRIBUTE_NAME, LABEL, REQUIRED) VALUES (2, 'SIZE', 'SIZE', 'Shirt Size', TRUE);
INSERT INTO BLC_PRODUCT_OPTION (PRODUCT_OPTION_ID, OPTION_TYPE, ATTRIBUTE_NAME, LABEL, REQUIRED,USE_IN_SKU_GENERATION,VALIDATION_TYPE,VALIDATION_STRING,ERROR_MESSAGE,ERROR_CODE) VALUES (3, 'TEXT', 'NAME', 'Personalized Name', FALSE,FALSE,'REGEX','[a-zA-Z ]{3,30}','Name must be less than 30 characters, with only letters and spaces','INVALID_NAME');

INSERT INTO BLC_PRODUCT_OPTION_VALUE (PRODUCT_OPTION_VALUE_ID, ATTRIBUTE_VALUE, DISPLAY_ORDER, PRODUCT_OPTION_ID) VALUES (1, 'Black', 1, 1);
INSERT INTO BLC_PRODUCT_OPTION_VALUE (PRODUCT_OPTION_VALUE_ID, ATTRIBUTE_VALUE, DISPLAY_ORDER, PRODUCT_OPTION_ID) VALUES (2, 'Green', 2, 1);
INSERT INTO BLC_PRODUCT_OPTION_VALUE (PRODUCT_OPTION_VALUE_ID, ATTRIBUTE_VALUE, DISPLAY_ORDER, PRODUCT_OPTION_ID) VALUES (3, 'White', 3, 1);
INSERT INTO BLC_PRODUCT_OPTION_VALUE (PRODUCT_OPTION_VALUE_ID, ATTRIBUTE_VALUE, DISPLAY_ORDER, PRODUCT_OPTION_ID) VALUES (11, 'S', 1, 2);
INSERT INTO BLC_PRODUCT_OPTION_VALUE (PRODUCT_OPTION_VALUE_ID, ATTRIBUTE_VALUE, DISPLAY_ORDER, PRODUCT_OPTION_ID) VALUES (12, 'M', 2, 2);
INSERT INTO BLC_PRODUCT_OPTION_VALUE (PRODUCT_OPTION_VALUE_ID, ATTRIBUTE_VALUE, DISPLAY_ORDER, PRODUCT_OPTION_ID) VALUES (13, 'L', 3, 2);
INSERT INTO BLC_PRODUCT_OPTION_VALUE (PRODUCT_OPTION_VALUE_ID, ATTRIBUTE_VALUE, DISPLAY_ORDER, PRODUCT_OPTION_ID) VALUES (14, 'XL', 4, 2);

INSERT INTO BLC_SKU (SKU_ID,DEFAULT_PRODUCT_ID,NAME,LONG_DESCRIPTION,RETAIL_PRICE,TAXABLE_FLAG,DISCOUNTABLE_FLAG,ACTIVE_START_DATE) VALUES (100,100,'Pro-Pack Black Green Shirt (Men''s)','Men''s Pro-Pack collection standard short sleeve screen-printed tee shirt in soft 30 singles cotton in regular fit.',14.99,'Y','Y',CURRENT_TIMESTAMP);
INSERT INTO BLC_SKU (SKU_ID,DEFAULT_PRODUCT_ID,NAME,LONG_DESCRIPTION,RETAIL_PRICE,TAXABLE_FLAG,DISCOUNTABLE_FLAG,ACTIVE_START_DATE) VALUES (200,200,'Pro-Pack Green White Shirt (Men''s)','Men''s Pro-Pack collection standard short sleeve screen-printed tee shirt in soft 30 singles cotton in regular fit.',14.99,'Y','Y',CURRENT_TIMESTAMP);
INSERT INTO BLC_SKU (SKU_ID,DEFAULT_PRODUCT_ID,NAME,LONG_DESCRIPTION,RETAIL_PRICE,TAXABLE_FLAG,DISCOUNTABLE_FLAG,ACTIVE_START_DATE) VALUES (300,300,'Pro-Pack White Black Shirt  (Men''s)','This Pro-Pack logo shirt for men features a regular fit in three different colors',15.99,'Y','Y',CURRENT_TIMESTAMP);
INSERT INTO BLC_SKU (SKU_ID,DEFAULT_PRODUCT_ID,NAME,LONG_DESCRIPTION,RETAIL_PRICE,TAXABLE_FLAG,DISCOUNTABLE_FLAG,ACTIVE_START_DATE) VALUES (400,400,'Pro-Pack White Green Shirt  (Men''s)','This Pro-Pack logo shirt for men features a regular fit in three different colors',15.99,'Y','Y',CURRENT_TIMESTAMP);

------------------------------------------------------------------------------------------------------------------
-- Update the DEFAULT_SKU_ID on the products
------------------------------------------------------------------------------------------------------------------
UPDATE BLC_PRODUCT SET DEFAULT_SKU_ID = 1 WHERE PRODUCT_ID = 1;
UPDATE BLC_PRODUCT SET DEFAULT_SKU_ID = 2 WHERE PRODUCT_ID = 2;
UPDATE BLC_PRODUCT SET DEFAULT_SKU_ID = 3 WHERE PRODUCT_ID = 3;
UPDATE BLC_PRODUCT SET DEFAULT_SKU_ID = 4 WHERE PRODUCT_ID = 4;
UPDATE BLC_PRODUCT SET DEFAULT_SKU_ID = 5 WHERE PRODUCT_ID = 5;
UPDATE BLC_PRODUCT SET DEFAULT_SKU_ID = 6 WHERE PRODUCT_ID = 6;
UPDATE BLC_PRODUCT SET DEFAULT_SKU_ID = 7 WHERE PRODUCT_ID = 7;
UPDATE BLC_PRODUCT SET DEFAULT_SKU_ID = 8 WHERE PRODUCT_ID = 8;
UPDATE BLC_PRODUCT SET DEFAULT_SKU_ID = 9 WHERE PRODUCT_ID = 9;
UPDATE BLC_PRODUCT SET DEFAULT_SKU_ID = 10 WHERE PRODUCT_ID = 10;

UPDATE BLC_PRODUCT SET DEFAULT_SKU_ID = 9992 WHERE PRODUCT_ID = 992;
UPDATE BLC_PRODUCT SET DEFAULT_SKU_ID = 9993 WHERE PRODUCT_ID = 993;

UPDATE BLC_PRODUCT SET DEFAULT_SKU_ID = 100 WHERE PRODUCT_ID = 100;
UPDATE BLC_PRODUCT SET DEFAULT_SKU_ID = 200 WHERE PRODUCT_ID = 200;
UPDATE BLC_PRODUCT SET DEFAULT_SKU_ID = 300 WHERE PRODUCT_ID = 300;
UPDATE BLC_PRODUCT SET DEFAULT_SKU_ID = 400 WHERE PRODUCT_ID = 400;

------------------------------------------------------------------------------------------------------------------
-- Load Catalog - Step 3:  Create Category/Product Mapping
-- ========================================================
-- Add all supplements items to the supplements category
------------------------------------------------------------------------------------------------------------------
INSERT INTO BLC_CATEGORY_PRODUCT_XREF (CATEGORY_PRODUCT_ID, PRODUCT_ID, CATEGORY_ID, DISPLAY_ORDER) VALUES (1,1,2002,1);
INSERT INTO BLC_CATEGORY_PRODUCT_XREF (CATEGORY_PRODUCT_ID, PRODUCT_ID, CATEGORY_ID, DISPLAY_ORDER) VALUES (2,2,2002,2);
INSERT INTO BLC_CATEGORY_PRODUCT_XREF (CATEGORY_PRODUCT_ID, PRODUCT_ID, CATEGORY_ID, DISPLAY_ORDER) VALUES (3,3,2002,3);
INSERT INTO BLC_CATEGORY_PRODUCT_XREF (CATEGORY_PRODUCT_ID, PRODUCT_ID, CATEGORY_ID, DISPLAY_ORDER) VALUES (4,4,2002,4);
INSERT INTO BLC_CATEGORY_PRODUCT_XREF (CATEGORY_PRODUCT_ID, PRODUCT_ID, CATEGORY_ID, DISPLAY_ORDER) VALUES (5,5,2002,5);
INSERT INTO BLC_CATEGORY_PRODUCT_XREF (CATEGORY_PRODUCT_ID, PRODUCT_ID, CATEGORY_ID, DISPLAY_ORDER) VALUES (6,6,2002,6);
INSERT INTO BLC_CATEGORY_PRODUCT_XREF (CATEGORY_PRODUCT_ID, PRODUCT_ID, CATEGORY_ID, DISPLAY_ORDER) VALUES (7,7,2002,7);
INSERT INTO BLC_CATEGORY_PRODUCT_XREF (CATEGORY_PRODUCT_ID, PRODUCT_ID, CATEGORY_ID, DISPLAY_ORDER) VALUES (8,8,2002,8);
INSERT INTO BLC_CATEGORY_PRODUCT_XREF (CATEGORY_PRODUCT_ID, PRODUCT_ID, CATEGORY_ID, DISPLAY_ORDER) VALUES (9,9,2002,9);
INSERT INTO BLC_CATEGORY_PRODUCT_XREF (CATEGORY_PRODUCT_ID, PRODUCT_ID, CATEGORY_ID, DISPLAY_ORDER) VALUES (10,10,2002,10);

-- home page items
INSERT INTO BLC_CATEGORY_PRODUCT_XREF (CATEGORY_PRODUCT_ID, PRODUCT_ID, CATEGORY_ID, DISPLAY_ORDER) VALUES (20,3,2001,1);
INSERT INTO BLC_CATEGORY_PRODUCT_XREF (CATEGORY_PRODUCT_ID, PRODUCT_ID, CATEGORY_ID, DISPLAY_ORDER) VALUES (21,6,2001,2);
INSERT INTO BLC_CATEGORY_PRODUCT_XREF (CATEGORY_PRODUCT_ID, PRODUCT_ID, CATEGORY_ID, DISPLAY_ORDER) VALUES (22,9,2001,3);
INSERT INTO BLC_CATEGORY_PRODUCT_XREF (CATEGORY_PRODUCT_ID, PRODUCT_ID, CATEGORY_ID, DISPLAY_ORDER) VALUES (23,2,2001,4);

-- clearance items
INSERT INTO BLC_CATEGORY_PRODUCT_XREF (CATEGORY_PRODUCT_ID, PRODUCT_ID, CATEGORY_ID, DISPLAY_ORDER) VALUES (24,7,2004,1);
INSERT INTO BLC_CATEGORY_PRODUCT_XREF (CATEGORY_PRODUCT_ID, PRODUCT_ID, CATEGORY_ID, DISPLAY_ORDER) VALUES (25,8,2004,2);
INSERT INTO BLC_CATEGORY_PRODUCT_XREF (CATEGORY_PRODUCT_ID, PRODUCT_ID, CATEGORY_ID, DISPLAY_ORDER) VALUES (26,10,2004,3);
INSERT INTO BLC_CATEGORY_PRODUCT_XREF (CATEGORY_PRODUCT_ID, PRODUCT_ID, CATEGORY_ID, DISPLAY_ORDER) VALUES (27,1,2004,4);

-- merchandise items
INSERT INTO BLC_CATEGORY_PRODUCT_XREF (CATEGORY_PRODUCT_ID, PRODUCT_ID, CATEGORY_ID, DISPLAY_ORDER) VALUES (29,100,2003,1);
INSERT INTO BLC_CATEGORY_PRODUCT_XREF (CATEGORY_PRODUCT_ID, PRODUCT_ID, CATEGORY_ID, DISPLAY_ORDER) VALUES (30,200,2003,2);
INSERT INTO BLC_CATEGORY_PRODUCT_XREF (CATEGORY_PRODUCT_ID, PRODUCT_ID, CATEGORY_ID, DISPLAY_ORDER) VALUES (31,300,2003,3);
INSERT INTO BLC_CATEGORY_PRODUCT_XREF (CATEGORY_PRODUCT_ID, PRODUCT_ID, CATEGORY_ID, DISPLAY_ORDER) VALUES (32,400,2003,4);

------------------------------------------------------------------------------------------------------------------
-- Load Catalog - Step 4:  Media Items used by products
-- ========================================================
------------------------------------------------------------------------------------------------------------------
INSERT INTO BLC_MEDIA (MEDIA_ID, URL, TITLE, ALT_TEXT) VALUES (101,'/cmsstatic/img/supplements/amino_lift_fruitpunch.jpg','AminoLIFT Amino acids','primary');
INSERT INTO BLC_MEDIA (MEDIA_ID, URL, TITLE, ALT_TEXT) VALUES (201,'/cmsstatic/img/supplements/c4_extreme.jpg','C4 Extreme','primary');
INSERT INTO BLC_MEDIA (MEDIA_ID, URL, TITLE, ALT_TEXT) VALUES (301,'/cmsstatic/img/supplements/celsius_berryblast_drink.jpg','Celsius Berry','primary');
INSERT INTO BLC_MEDIA (MEDIA_ID, URL, TITLE, ALT_TEXT) VALUES (401,'/cmsstatic/img/supplements/celsius_orange_drink.jpg','Celsius Orange','primary');
INSERT INTO BLC_MEDIA (MEDIA_ID, URL, TITLE, ALT_TEXT) VALUES (501,'/cmsstatic/img/supplements/finaflex_stimul8.jpg','Stimul8 Ripping','primary');
INSERT INTO BLC_MEDIA (MEDIA_ID, URL, TITLE, ALT_TEXT) VALUES (601,'/cmsstatic/img/supplements/forza_pro_amino.jpg','Forza Pro','primary');
INSERT INTO BLC_MEDIA (MEDIA_ID, URL, TITLE, ALT_TEXT) VALUES (701,'/cmsstatic/img/supplements/neon_sport_kinetic.jpg','Kinetic BCAA SAA','primary');
INSERT INTO BLC_MEDIA (MEDIA_ID, URL, TITLE, ALT_TEXT) VALUES (801,'/cmsstatic/img/supplements/quest_bar_cookies.jpg','Quest Bar','primary');
INSERT INTO BLC_MEDIA (MEDIA_ID, URL, TITLE, ALT_TEXT) VALUES (901,'/cmsstatic/img/supplements/strength_gainer_powder.jpg','Gainer powder','primary');
INSERT INTO BLC_MEDIA (MEDIA_ID, URL, TITLE, ALT_TEXT) VALUES (1001,'/cmsstatic/img/supplements/xp2_femfire.jpg','XP2 fat burner','primary');

INSERT INTO BLC_MEDIA (MEDIA_ID, URL, TITLE, ALT_TEXT, TAGS) VALUES (10001,'/cmsstatic/img/merch/propack_mens_black_green.jpg','Pro-Pack Men''s Black Green','primary','Black');
INSERT INTO BLC_MEDIA (MEDIA_ID, URL, TITLE, ALT_TEXT, TAGS) VALUES (20001,'/cmsstatic/img/merch/propack_mens_green_white.jpg','Pro-Pack Men''s Green White','primary','Green');
INSERT INTO BLC_MEDIA (MEDIA_ID, URL, TITLE, ALT_TEXT, TAGS) VALUES (30001,'/cmsstatic/img/merch/propack_mens_white_black.jpg','Pro-Pack Men''s White Black','primary','White');
INSERT INTO BLC_MEDIA (MEDIA_ID, URL, TITLE, ALT_TEXT, TAGS) VALUES (40001,'/cmsstatic/img/merch/propack_mens_white_green.jpg','Pro-Pack Men''s White Green','primary','White');


------------------------------------------------------------------------------------------------------------------
-- Load Catalog - Step 5:  Mapping for product to media
-- ========================================================
------------------------------------------------------------------------------------------------------------------
INSERT INTO BLC_SKU_MEDIA_MAP (BLC_SKU_SKU_ID, MEDIA_ID, MAP_KEY) VALUES (1,101,'primary');
INSERT INTO BLC_SKU_MEDIA_MAP (BLC_SKU_SKU_ID, MEDIA_ID, MAP_KEY) VALUES (2,201,'primary');
INSERT INTO BLC_SKU_MEDIA_MAP (BLC_SKU_SKU_ID, MEDIA_ID, MAP_KEY) VALUES (3,301,'primary');
INSERT INTO BLC_SKU_MEDIA_MAP (BLC_SKU_SKU_ID, MEDIA_ID, MAP_KEY) VALUES (4,401,'primary');
INSERT INTO BLC_SKU_MEDIA_MAP (BLC_SKU_SKU_ID, MEDIA_ID, MAP_KEY) VALUES (5,501,'primary');
INSERT INTO BLC_SKU_MEDIA_MAP (BLC_SKU_SKU_ID, MEDIA_ID, MAP_KEY) VALUES (6,601,'primary');
INSERT INTO BLC_SKU_MEDIA_MAP (BLC_SKU_SKU_ID, MEDIA_ID, MAP_KEY) VALUES (7,701,'primary');
INSERT INTO BLC_SKU_MEDIA_MAP (BLC_SKU_SKU_ID, MEDIA_ID, MAP_KEY) VALUES (8,801,'primary');
INSERT INTO BLC_SKU_MEDIA_MAP (BLC_SKU_SKU_ID, MEDIA_ID, MAP_KEY) VALUES (9,901,'primary');
INSERT INTO BLC_SKU_MEDIA_MAP (BLC_SKU_SKU_ID, MEDIA_ID, MAP_KEY) VALUES (10,1001,'primary');

INSERT INTO BLC_SKU_MEDIA_MAP (BLC_SKU_SKU_ID, MEDIA_ID, MAP_KEY) VALUES (100,10001,'primary');
INSERT INTO BLC_SKU_MEDIA_MAP (BLC_SKU_SKU_ID, MEDIA_ID, MAP_KEY) VALUES (200,20001,'primary');
INSERT INTO BLC_SKU_MEDIA_MAP (BLC_SKU_SKU_ID, MEDIA_ID, MAP_KEY) VALUES (300,30001,'primary');
INSERT INTO BLC_SKU_MEDIA_MAP (BLC_SKU_SKU_ID, MEDIA_ID, MAP_KEY) VALUES (400,40001,'primary');


------------------------------------------------------------------------------------------------------------------
-- Load Catalog - Step 5: Asset Items (media)
-- ========================================================
------------------------------------------------------------------------------------------------------------------
INSERT INTO BLC_STATIC_ASSET (STATIC_ASSET_ID, MIME_TYPE, STORAGE_TYPE, FULL_URL, NAME) VALUES (101,'image/jpg','FILESYSTEM','/img/supplements/amino_lift_fruitpunch.jpg','AminoLIFT Amino acids');
INSERT INTO BLC_STATIC_ASSET (STATIC_ASSET_ID, MIME_TYPE, STORAGE_TYPE, FULL_URL, NAME) VALUES (201,'image/jpg','FILESYSTEM','/img/supplements/c4_extreme.jpg','C4 Extreme');
INSERT INTO BLC_STATIC_ASSET (STATIC_ASSET_ID, MIME_TYPE, STORAGE_TYPE, FULL_URL, NAME) VALUES (301,'image/jpg','FILESYSTEM','/img/supplements/celsius_berryblast_drink.jpg','Celsius Berry');
INSERT INTO BLC_STATIC_ASSET (STATIC_ASSET_ID, MIME_TYPE, STORAGE_TYPE, FULL_URL, NAME) VALUES (401,'image/jpg','FILESYSTEM','/img/supplements/celsius_orange_drink.jpg','Celsius Orange');
INSERT INTO BLC_STATIC_ASSET (STATIC_ASSET_ID, MIME_TYPE, STORAGE_TYPE, FULL_URL, NAME) VALUES (501,'image/jpg','FILESYSTEM','/img/supplements/finaflex_stimul8.jpg','Stimul8 Ripping');
INSERT INTO BLC_STATIC_ASSET (STATIC_ASSET_ID, MIME_TYPE, STORAGE_TYPE, FULL_URL, NAME) VALUES (601,'image/jpg','FILESYSTEM','/img/supplements/forza_pro_amino.jpg','Forza Pro');
INSERT INTO BLC_STATIC_ASSET (STATIC_ASSET_ID, MIME_TYPE, STORAGE_TYPE, FULL_URL, NAME) VALUES (701,'image/jpg','FILESYSTEM','/img/supplements/neon_sport_kinetic.jpg','Kinetic BCAA SAA');
INSERT INTO BLC_STATIC_ASSET (STATIC_ASSET_ID, MIME_TYPE, STORAGE_TYPE, FULL_URL, NAME) VALUES (801,'image/jpg','FILESYSTEM','/img/supplements/quest_bar_cookies.jpg','Quest Bar');
INSERT INTO BLC_STATIC_ASSET (STATIC_ASSET_ID, MIME_TYPE, STORAGE_TYPE, FULL_URL, NAME) VALUES (901,'image/jpg','FILESYSTEM','/img/supplements/strength_gainer_powder.jpg','Gainer powder');
INSERT INTO BLC_STATIC_ASSET (STATIC_ASSET_ID, MIME_TYPE, STORAGE_TYPE, FULL_URL, NAME) VALUES (1001,'image/jpg','FILESYSTEM','/img/supplements/xp2_femfire.jpg','XP2 fat burner');

INSERT INTO BLC_STATIC_ASSET (STATIC_ASSET_ID, MIME_TYPE, STORAGE_TYPE, FULL_URL, NAME) VALUES (10001,'image/jpg','FILESYSTEM','/img/merch/propack_mens_black_green.jpg','Pro-Pack Men''s Black Green');
INSERT INTO BLC_STATIC_ASSET (STATIC_ASSET_ID, MIME_TYPE, STORAGE_TYPE, FULL_URL, NAME) VALUES (20001,'image/jpg','FILESYSTEM','/img/merch/propack_mens_green_white.jpg','Pro-Pack Men''s Green White');
INSERT INTO BLC_STATIC_ASSET (STATIC_ASSET_ID, MIME_TYPE, STORAGE_TYPE, FULL_URL, NAME) VALUES (30001,'image/jpg','FILESYSTEM','/img/merch/propack_mens_white_black.jpg','Pro-Pack Men''s White Black');
INSERT INTO BLC_STATIC_ASSET (STATIC_ASSET_ID, MIME_TYPE, STORAGE_TYPE, FULL_URL, NAME) VALUES (40001,'image/jpg','FILESYSTEM','/img/merch/propack_mens_white_green.jpg','Pro-Pack Men''s White Green');





------------------------------------------------------------------------------------------------------------------
-- End of Catalog load
-- ========================================================
------------------------------------------------------------------------------------------------------------------

INSERT INTO BLC_URL_HANDLER(URL_HANDLER_ID, INCOMING_URL, NEW_URL, URL_REDIRECT_TYPE) VALUES (1, '/googlePerm', 'http://www.google.com', 'REDIRECT_PERM');
INSERT INTO BLC_URL_HANDLER(URL_HANDLER_ID, INCOMING_URL, NEW_URL, URL_REDIRECT_TYPE) VALUES (2, '/googleTemp', 'http://www.google.com', 'REDIRECT_TEMP');
INSERT INTO BLC_URL_HANDLER(URL_HANDLER_ID, INCOMING_URL, NEW_URL, URL_REDIRECT_TYPE) VALUES (3, '/extreme', '/supplements/c4_extreme', 'FORWARD');
INSERT INTO BLC_URL_HANDLER(URL_HANDLER_ID, INCOMING_URL, NEW_URL, URL_REDIRECT_TYPE) VALUES (4, '/fire', '/supplements/xp2_femfire', 'REDIRECT_TEMP');

INSERT INTO BLC_SEARCH_INTERCEPT(SEARCH_REDIRECT_ID, PRIORITY, SEARCH_TERM, URL) VALUES (1,1, 'extreme', '/supplements/c4_extreme');
INSERT INTO BLC_SEARCH_INTERCEPT(SEARCH_REDIRECT_ID, PRIORITY, SEARCH_TERM, URL) VALUES (1,1, 'mystery', '/supplements/c4_extreme');

-----------------------------------------------
-----------------------------------------------------------------------------------------------------------------------------------
-- RELATED PRODUCT - DATA (featured products for right-hand side display)
-----------------------------------------------------------------------------------------------------------------------------------
-- Adding to root category
INSERT INTO BLC_PRODUCT_FEATURED(FEATURED_PRODUCT_ID, SEQUENCE, CATEGORY_ID, PRODUCT_ID)  VALUES (1, 1, 1, 8);
INSERT INTO BLC_PRODUCT_FEATURED(FEATURED_PRODUCT_ID, SEQUENCE, CATEGORY_ID, PRODUCT_ID)  VALUES (2, 2, 1, 5);
INSERT INTO BLC_PRODUCT_FEATURED(FEATURED_PRODUCT_ID, SEQUENCE, CATEGORY_ID, PRODUCT_ID)  VALUES (3, 3, 1, 200);
INSERT INTO BLC_PRODUCT_FEATURED(FEATURED_PRODUCT_ID, SEQUENCE, CATEGORY_ID, PRODUCT_ID)  VALUES (4, 4, 1, 100);

-- Adding to merchandise category
INSERT INTO BLC_PRODUCT_FEATURED(FEATURED_PRODUCT_ID, SEQUENCE, CATEGORY_ID, PRODUCT_ID)  VALUES (5, 1, 2003, 4);

-- Adding to supplements category
INSERT INTO BLC_PRODUCT_FEATURED(FEATURED_PRODUCT_ID, SEQUENCE, CATEGORY_ID, PRODUCT_ID)  VALUES (8, 1, 2002, 100);
INSERT INTO BLC_PRODUCT_FEATURED(FEATURED_PRODUCT_ID, SEQUENCE, CATEGORY_ID, PRODUCT_ID)  VALUES (9, 2, 2002, 200);
INSERT INTO BLC_PRODUCT_FEATURED(FEATURED_PRODUCT_ID, SEQUENCE, CATEGORY_ID, PRODUCT_ID)  VALUES (10, 3, 2002, 300);

-- Adding a 20% off sale to Merchandise category to fit the Shirts Special Homepage Banner
INSERT INTO BLC_OFFER (OFFER_ID, APPLIES_TO_RULES, OFFER_NAME, START_DATE, END_DATE, OFFER_TYPE, OFFER_DISCOUNT_TYPE, OFFER_VALUE, OFFER_DELIVERY_TYPE, STACKABLE, COMBINABLE_WITH_OTHER_OFFERS, OFFER_PRIORITY, APPLY_OFFER_TO_MARKED_ITEMS, APPLY_TO_SALE_PRICE, USES, MAX_USES) VALUES (1,NULL, 'Shirts Special',CURRENT_DATE,'2020-01-01 00:00:00','ORDER_ITEM','PERCENT_OFF',20,'AUTOMATIC',TRUE,TRUE,10,FALSE,FALSE,0,0);

INSERT INTO BLC_OFFER_ITEM_CRITERIA (OFFER_ITEM_CRITERIA_ID, ORDER_ITEM_MATCH_RULE, QUANTITY) VALUES (1, 'MVEL.eval("toUpperCase()",discreteOrderItem.category.name)==MVEL.eval("toUpperCase()","merchandise")', 1);

INSERT INTO BLC_TAR_CRIT_OFFER_XREF (OFFER_ITEM_CRITERIA_ID, OFFER_ID) VALUES (1, 1);

-- Sample fulfillment option
INSERT INTO BLC_FULFILLMENT_OPTION (FULFILLMENT_OPTION_ID, NAME, LONG_DESCRIPTION, USE_FLAT_RATES, FULFILLMENT_TYPE) VALUES (1, 'Standard', '5 - 7 Days', FALSE, 'PHYSICAL_SHIP');
INSERT INTO BLC_FULFILLMENT_OPTION (FULFILLMENT_OPTION_ID, NAME, LONG_DESCRIPTION, USE_FLAT_RATES, FULFILLMENT_TYPE) VALUES (2, 'Priority', '3 - 5 Days', FALSE, 'PHYSICAL_SHIP');
INSERT INTO BLC_FULFILLMENT_OPTION (FULFILLMENT_OPTION_ID, NAME, LONG_DESCRIPTION, USE_FLAT_RATES, FULFILLMENT_TYPE) VALUES (3, 'Express', '1 - 2 Days', FALSE, 'PHYSICAL_SHIP');

INSERT INTO BLC_FULFILLMENT_OPTION_FIXED (FULFILLMENT_OPTION_ID, PRICE) VALUES (1, 5.00);
INSERT INTO BLC_FULFILLMENT_OPTION_FIXED (FULFILLMENT_OPTION_ID, PRICE) VALUES (2, 10.00);
INSERT INTO BLC_FULFILLMENT_OPTION_FIXED (FULFILLMENT_OPTION_ID, PRICE) VALUES (3, 20.00);
